model,MAE,RMSE,Bias,N
XGBoost,35.70301526169102,75.10335477050936,5.072633415837604,1660
Linear,98.1365461847385,270.09728452125404,11.2269076305221,1660
Prophet,121.9208364638819,353.8993042426463,9.465272764014394,1660
