year,total_forecast_demand,total_estimated_capacity,total_shortfall_children,total_additional_centres_needed,subzones_with_shortfall
2026,192925.1324685663,171700.0,48387.5031491518,538,116
2027,187794.32762126625,171700.0,45208.46798491478,510,113
2028,184571.36038902402,171700.0,43422.87532876432,490,109
2029,182409.8373888135,171700.0,43051.400040224195,485,106
2030,179139.93356640637,171700.0,42281.071487903595,476,102
